{
  "ticker": "AURE3",
  "companyName": "Auren Energia S.A.",
  "generatedAt": "2026-05-17T05:07:01.784Z",
  "financials": [
    {
      "ticker": "AURE3",
      "fiscalYear": 2021,
      "revenue": 2.624114,
      "ebit": 1.359901,
      "netIncome": 0.311646,
      "operatingCashFlow": 1.016884,
      "capex": 0.660949,
      "freeCashFlow": 0.3559349999999999,
      "cash": 1.595818,
      "totalDebt": 4.716372,
      "netDebt": 3.120554
    },
    {
      "ticker": "AURE3",
      "fiscalYear": 2022,
      "revenue": 5.515706,
      "ebit": 1.391065,
      "netIncome": 2.678614,
      "operatingCashFlow": 0.416769,
      "capex": 1.57263,
      "freeCashFlow": -1.155861,
      "cash": 3.125959,
      "totalDebt": 5.8745210000000005,
      "netDebt": 2.7485620000000006
    },
    {
      "ticker": "AURE3",
      "fiscalYear": 2023,
      "revenue": 6.18189,
      "ebit": 1.073914,
      "netIncome": -0.317689,
      "operatingCashFlow": 4.661845,
      "capex": 2.09079,
      "freeCashFlow": 2.5710549999999994,
      "cash": 3.238394,
      "totalDebt": 6.418563000000001,
      "netDebt": 3.1801690000000007
    },
    {
      "ticker": "AURE3",
      "fiscalYear": 2024,
      "revenue": 8.059951,
      "ebit": 1.291665,
      "netIncome": 0.271869,
      "operatingCashFlow": 0.600534,
      "capex": 0.248264,
      "freeCashFlow": 0.35226999999999997,
      "cash": 7.200549,
      "totalDebt": 27.215298999999998,
      "netDebt": 20.01475
    }
  ]
}