{
  "ticker": "RDOR3",
  "companyName": "Rede D'Or São Luiz S.A.",
  "generatedAt": "2026-05-17T04:08:12.815Z",
  "financials": [
    {
      "ticker": "RDOR3",
      "fiscalYear": 2021,
      "revenue": 1.955011,
      "ebit": 0.185216,
      "netIncome": 0.424564,
      "operatingCashFlow": 0.255203,
      "capex": 0.903715,
      "freeCashFlow": -0.648512,
      "cash": 0.657043,
      "totalDebt": 6.216521,
      "netDebt": 5.559478
    },
    {
      "ticker": "RDOR3",
      "fiscalYear": 2022,
      "revenue": 2.845057,
      "ebit": 0.697851,
      "netIncome": 0.320147,
      "operatingCashFlow": -1.02485,
      "capex": 2.61429,
      "freeCashFlow": -3.6391400000000003,
      "cash": 0.195872,
      "totalDebt": 10.89503,
      "netDebt": 10.699158
    },
    {
      "ticker": "RDOR3",
      "fiscalYear": 2023,
      "revenue": 3.431516,
      "ebit": 1.04056,
      "netIncome": 0.333287,
      "operatingCashFlow": 3.438323,
      "capex": 3.034212,
      "freeCashFlow": 0.4041109999999999,
      "cash": 0.281683,
      "totalDebt": 11.458127000000001,
      "netDebt": 11.176444000000002
    },
    {
      "ticker": "RDOR3",
      "fiscalYear": 2024,
      "revenue": 3.877643,
      "ebit": 0.709403,
      "netIncome": -0.319071,
      "operatingCashFlow": 0.890363,
      "capex": 0.824694,
      "freeCashFlow": 0.06566899999999998,
      "cash": 1.909716,
      "totalDebt": 11.224228,
      "netDebt": 9.314512
    }
  ]
}