{
  "ticker": "SBSP3",
  "companyName": "Companhia de Saneamento Básico do Estado de São Paulo — Sabesp",
  "generatedAt": "2026-05-17T05:07:09.875Z",
  "financials": [
    {
      "ticker": "SBSP3",
      "fiscalYear": 2023,
      "revenue": 25.572056,
      "ebit": 6.34598,
      "netIncome": 3.523531,
      "operatingCashFlow": 4.854352,
      "capex": 0.147249,
      "freeCashFlow": 4.707102999999999,
      "cash": 0.838484,
      "totalDebt": 19.536350000000002,
      "netDebt": 18.697866
    },
    {
      "ticker": "SBSP3",
      "fiscalYear": 2024,
      "revenue": 36.145477,
      "ebit": 15.51046,
      "netIncome": 9.579563,
      "operatingCashFlow": 7.404568,
      "capex": 0.100728,
      "freeCashFlow": 7.30384,
      "cash": 1.682606,
      "totalDebt": 25.258297,
      "netDebt": 23.575691
    }
  ]
}