{
  "ticker": "TIMS3",
  "companyName": "TIM S.A.",
  "generatedAt": "2026-05-09T21:12:38.668Z",
  "financials": [
    {
      "ticker": "TIMS3",
      "fiscalYear": 2020,
      "revenue": 17.267812,
      "ebit": 2.814917,
      "netIncome": 1.84369,
      "operatingCashFlow": 8.673871,
      "capex": 3.891306,
      "freeCashFlow": 4.782565,
      "cash": 2.575291,
      "totalDebt": 2.345032,
      "netDebt": -0.2302590000000002
    },
    {
      "ticker": "TIMS3",
      "fiscalYear": 2022,
      "revenue": 21.530801,
      "ebit": 3.159916,
      "netIncome": 1.670755,
      "operatingCashFlow": 9.429075,
      "capex": 4.730433,
      "freeCashFlow": 4.6986419999999995,
      "cash": 2.548713,
      "totalDebt": 4.969825,
      "netDebt": 2.4211120000000004
    },
    {
      "ticker": "TIMS3",
      "fiscalYear": 2023,
      "revenue": 23.833893,
      "ebit": 4.717298,
      "netIncome": 2.837422,
      "operatingCashFlow": 12.420656,
      "capex": 4.504314,
      "freeCashFlow": 7.916341999999999,
      "cash": 3.077931,
      "totalDebt": 3.7709460000000004,
      "netDebt": 0.6930150000000004
    },
    {
      "ticker": "TIMS3",
      "fiscalYear": 2024,
      "revenue": 0,
      "ebit": 0,
      "netIncome": 0,
      "operatingCashFlow": 0,
      "capex": 0,
      "freeCashFlow": 0,
      "cash": 0,
      "totalDebt": 0,
      "netDebt": 0
    }
  ]
}